name,inst,filter,mjd,mjderr,mag,magerr,flux,fluxerr
4094491141885400576,BLACKGEM,q,60087.3125,0.0,13.915131568908691,0.004000407177954912,0.0,0.0
