name,inst,filter,mjd,mjderr,mag,magerr,flux,fluxerr
4263591911398361472,BLACKGEM,q,60122.140625,0.0,11.394587516784668,0.0008654757402837276,0.0,0.0
