name,inst,filter,mjd,mjderr,mag,magerr,flux,fluxerr
4272588356022299520,BLACKGEM,i,60183.08984375,0.0,14.670342445373535,0.0050929877907037735,0.0,0.0
4272588356022299520,BLACKGEM,i,60183.08984375,0.0,14.665262222290039,0.0050730532966554165,0.0,0.0
4272588356022299520,BLACKGEM,i,60183.09375,0.0,14.607626914978027,0.005956320092082024,0.0,0.0
4272588356022299520,BLACKGEM,i,60216.00390625,0.0,14.647391319274902,0.004881721455603838,0.0,0.0
4272588356022299520,BLACKGEM,i,60216.0078125,0.0,14.661638259887695,0.005030237138271332,0.0,0.0
4272588356022299520,BLACKGEM,i,60216.0078125,0.0,14.670373916625977,0.005149779841303825,0.0,0.0
