name,inst,filter,mjd,mjderr,mag,magerr,flux,fluxerr
4299904519833646080,BLACKGEM,z,60242.0,0.0,9.600577354431152,0.0010291297221556306,0.0,0.0
4299904519833646080,BLACKGEM,z,60242.00390625,0.0,9.59207820892334,0.0010514764580875635,0.0,0.0
4299904519833646080,BLACKGEM,z,60242.00390625,0.0,9.580677032470703,0.0010033899452537298,0.0,0.0
