name,inst,filter,mjd,mjderr,mag,magerr,flux,fluxerr
4515124540765147776,BLACKGEM,i,60211.0390625,0.0,15.710930824279785,0.01002033706754446,0.0,0.0
4515124540765147776,BLACKGEM,i,60211.0390625,0.0,15.739517211914062,0.0101668331772089,0.0,0.0
4515124540765147776,BLACKGEM,i,60211.0390625,0.0,15.696800231933594,0.009776894003152847,0.0,0.0
4515124540765147776,BLACKGEM,i,60212.03515625,0.0,15.646439552307129,0.011578531004488468,0.0,0.0
4515124540765147776,BLACKGEM,i,60212.03515625,0.0,15.687830924987793,0.013953792862594128,0.0,0.0
