name,inst,filter,mjd,mjderr,mag,magerr,flux,fluxerr
4519475166529738112,BLACKGEM,i,60213.02734375,0.0,12.778865814208984,0.0018268721178174019,0.0,0.0
4519475166529738112,BLACKGEM,i,60213.02734375,0.0,12.781573295593262,0.0018503826577216387,0.0,0.0
4519475166529738112,BLACKGEM,i,60213.03125,0.0,12.769302368164062,0.001830258872359991,0.0,0.0
