name,inst,filter,mjd,mjderr,mag,magerr,flux,fluxerr
5311969857556479616,BLACKGEM,q,60054.06640625,0.0,14.609389305114746,0.0025566278491169214,0.0,0.0
5311969857556479616,BLACKGEM,q,60054.0703125,0.0,14.603292465209961,0.0025560499634593725,0.0,0.0
5311969857556479616,BLACKGEM,q,60054.0703125,0.0,14.589295387268066,0.0025244278367608786,0.0,0.0
5311969857556479616,BLACKGEM,q,60054.0703125,0.0,14.606626510620117,0.002541724592447281,0.0,0.0
5311969857556479616,BLACKGEM,q,60054.0703125,0.0,14.595178604125977,0.002522746566683054,0.0,0.0
5311969857556479616,BLACKGEM,q,60054.07421875,0.0,14.591038703918457,0.0025180296506732702,0.0,0.0
5311969857556479616,BLACKGEM,q,60054.07421875,0.0,14.596097946166992,0.002523343078792095,0.0,0.0
5311969857556479616,BLACKGEM,q,60054.07421875,0.0,14.591592788696289,0.002524391748011112,0.0,0.0
