name,inst,filter,mjd,mjderr,mag,magerr,flux,fluxerr
5323384162646755712,BLACKGEM,q,60053.04296875,0.0,16.461811065673828,0.006693749688565731,0.0,0.0
5323384162646755712,BLACKGEM,q,60053.046875,0.0,16.458372116088867,0.006679547484964132,0.0,0.0
5323384162646755712,BLACKGEM,q,60053.046875,0.0,16.446292877197266,0.00677453400567174,0.0,0.0
5323384162646755712,BLACKGEM,q,60053.046875,0.0,16.462339401245117,0.006948384921997786,0.0,0.0
5323384162646755712,BLACKGEM,q,60053.046875,0.0,16.450021743774414,0.0069094146601855755,0.0,0.0
5323384162646755712,BLACKGEM,q,60053.05078125,0.0,16.48212242126465,0.00742716621607542,0.0,0.0
5323384162646755712,BLACKGEM,q,60053.05078125,0.0,16.460941314697266,0.007199780084192753,0.0,0.0
5323384162646755712,BLACKGEM,q,60053.05078125,0.0,16.47904396057129,0.007726945914328098,0.0,0.0
