name,inst,filter,mjd,mjderr,mag,magerr,flux,fluxerr
5328449200388495616,BLACKGEM,q,60061.046875,0.0,16.745681762695312,0.008258556947112083,0.0,0.0
5328449200388495616,BLACKGEM,q,60061.046875,0.0,16.749113082885742,0.008311845362186432,0.0,0.0
5328449200388495616,BLACKGEM,q,60061.05078125,0.0,16.76119613647461,0.008309516124427319,0.0,0.0
5328449200388495616,BLACKGEM,q,60061.05078125,0.0,16.767553329467773,0.008377323858439922,0.0,0.0
5328449200388495616,BLACKGEM,q,60061.05078125,0.0,16.759248733520508,0.008741678670048714,0.0,0.0
